{
  "eval_loss": 3.4593971018586998,
  "perplexity": 31.797799900018738,
  "num_tokens": 4626944
}